"species_name","habitat","percher_flier","start_main_flight_period","end_main_flight_period","sti","sti_sd","partivoltine","semivoltine","univoltine","bivoltine","multivoltine","voltinism_source","overwintering_stage","overwintering_stage_source","oviposition_mode","oviposition_mode_source","larval_strategy"
"Aeshna affinis","temporary waters","flier","June","September","10.877493999912099","2.87070195348555","0","0","1","0","0","6","egg_larva","6","endophytic","6","clasper"
"Aeshna caerulea","oligotrophic","flier_percher","June","September","2.0069756423234799","2.9749188102776798","1","0","0","0","0","6","egg_larva","6","endophytic","6","clasper"
"Aeshna crenata","oligotrophic","flier","July","August","4.2826237792583797","1.26434154196096","1","0","0","0","0","6","egg_larva","6","endophytic","6","clasper"
"Aeshna cyanea","eutrophic","flier","July","October","8.8130186761458393","3.1142285183768301","0","1","1","0","0","6","egg_larva","6","endophytic","6","clasper"
"Aeshna grandis","eutrophic","flier","June","September","6.5531221183705002","2.88218032781558","1","1","0","0","0","6","egg_larva","6","endophytic","6","clasper"
"Aeshna isoceles","eutrophic","flier","May","July","10.379193786252699","3.1874822594436498","0","1","1","0","0","6","egg_larva","6","endophytic","6","clasper"
"Aeshna juncea","oligotrophic","flier","July","September","5.8595300616894201","3.2458759346647099","1","0","0","0","0","6","egg_larva","6","endophytic","6","clasper"
"Aeshna mixta","eutrophic","flier","July","October","10.2514320503701","3.4322981800451902","0","0","1","0","0","6","egg_larva","6","endophytic","6","clasper"
"Aeshna serrata","eutrophic","flier","July","September","5.0862121818374302","1.42054137302761","1","1","0","0","0","6","egg_larva","6","endophytic","6","clasper"
"Aeshna subarctica","oligotrophic","flier","July","September","5.4051772040132704","2.4963084653210101","1","0","0","0","0","6","egg_larva","6","endophytic","6","clasper"
"Aeshna viridis","eutrophic","flier","July","September","7.0579015449759597","1.71759277152629","1","1","0","0","0","6","egg_larva","6","endophytic","6","clasper"
"Anax ephippiger","temporary waters","flier","March","October","13.049500789810899","3.9219150037768702","0","0","0","1","0","6","larva","6","endophytic","6","clasper"
"Anax immaculifrons","southern streams and rivers","flier","May","July","17.971645103773","1.1366392782080501","0","0","1","0","0","18","larva","NA","endophytic","6","clasper"
"Anax imperator","eutrophic","flier","May","August","11.3976892367199","3.8033945813197101","0","1","1","0","0","6","larva","6","endophytic","6","clasper"
"Anax parthenope","eutrophic","flier","May","September","11.8234638772189","3.7149446033396898","0","1","1","0","0","6","larva","6","endophytic","6","clasper"
"Boyeria cretensis","southern streams and rivers","flier","June","July","16.539373168193599","1.4090736451668799","0","1","1","0","0","6","egg_larva","6","endophytic","6","clasper"
"Boyeria irene","southern streams and rivers","flier","June","September","12.525745545686799","2.54708703320359","1","1","0","0","0","6","egg_larva","6","endophytic","6","clasper"
"Brachythemis impartita","eutrophic","percher","April","November","16.174107687545799","1.0939105773195601","0","0","1","0","0","18","larva","NA","exophytic","6","sprawler"
"Brachytron pratense","eutrophic","flier","April","June","9.0170483861282396","2.51571993101562","1","1","0","0","0","6","larva","6","endophytic","6","hider"
"Caliaeschna microstigma","southern streams and rivers","flier","May","July","13.560136765479401","2.95214521766807","0","0","1","0","0","6","larva","6","endophytic","6","hider"
"Calopteryx haemorrhoidalis","southern streams and rivers","percher","May","September","13.733026133184699","2.2287036328484602","0","0","1","0","0","6","larva","6","endophytic","6","hider"
"Calopteryx splendens","streams and rivers","percher","May","August","9.3911215821153995","3.0408609103130302","0","1","1","0","0","6","larva","6","endophytic","6","hider"
"Calopteryx virgo","streams and rivers","percher","May","August","8.9463396793788696","3.7426291662518398","0","1","1","0","0","6","larva","6","endophytic","6","hider"
"Calopteryx xanthostoma","southern streams and rivers","percher","May","August","12.4026203571133","2.3078550961501101","0","0","1","0","0","6","larva","6","endophytic","6","hider"
"Ceriagrion georgifreyi","southern streams and rivers","percher","May","August","15.7679781683755","0.1","0","1","1","0","0","17","larva","6","endophytic","6","sprawler"
"Ceriagrion tenellum","eutrophic","percher","June","August","12.198508421707601","2.76068770451469","0","1","1","0","0","6","larva","6","endophytic","6","sprawler"
"Chalcolestes parvidens","eutrophic","percher","May","November","13.3067945565193","2.8382879160855201","0","0","1","0","0","6","egg","6","endophytic","6","sprawler"
"Chalcolestes viridis","eutrophic","percher","June","October","10.6155548219213","3.06609240008058","0","0","1","0","0","6","egg","6","endophytic","6","sprawler"
"Coenagrion armatum","eutrophic","percher","April","June","5.0459688597834598","2.1014794489745698","0","1","1","0","0","6","larva","6","endophytic","6","sprawler"
"Coenagrion caerulescens","southern streams and rivers","percher","May","August","13.4705008103161","2.4043572870754399","0","0","1","0","0","6","larva","6","endophytic","6","sprawler"
"Coenagrion castellani","southern streams and rivers","percher","May","July","14.272401760150499","1.3009132158564001","0","1","1","0","0","17","larva","6","endophytic","6","sprawler"
"Coenagrion ecornutum","oligotrophic","percher","June","July","NA","NA","0","NA","1","0","0","17","larva","17","endophytic","17","sprawler"
"Coenagrion glaciale","oligotrophic","percher","May","July","NA","NA","0","1","NA","0","0","17","larva","17","endophytic","17","sprawler"
"Coenagrion hastulatum","oligotrophic","percher","May","July","5.6631633483283297","2.6212359238901599","0","1","1","0","0","6","larva","6","endophytic","6","sprawler"
"Coenagrion hylas","oligotrophic","percher","June","July","4.1707818505578702","0.1","0","1","0","0","0","6","larva","6","endophytic","6","sprawler"
"Coenagrion intermedium","southern streams and rivers","percher","May","June","16.632290567841299","1.0738325653565","0","0","1","0","0","17","larva","6","endophytic","6","sprawler"
"Coenagrion johanssoni","oligotrophic","percher","June","July","3.1802537789347101","2.2273539103586999","0","1","0","0","0","6","larva","6","endophytic","6","sprawler"
"Coenagrion lunulatum","oligotrophic","percher","April","May","6.7388993363885996","2.46683607780415","0","0","1","0","0","6","larva","6","endophytic","6","sprawler"
"Coenagrion mercuriale","streams and rivers","percher","May","July","11.4636444975716","2.58317741658268","0","1","1","0","0","6","larva","6","endophytic","6","sprawler"
"Coenagrion ornatum","streams and rivers","percher","May","July","9.7191741276027699","1.8758312596285101","0","0","1","0","0","6","larva","6","endophytic","6","sprawler"
"Coenagrion puella","eutrophic","percher","May","August","9.2965022618149202","2.8376179494523699","0","1","1","0","0","6","larva","6","endophytic","6","sprawler"
"Coenagrion pulchellum","eutrophic","percher","April","July","8.3028467183980297","2.7647737721710999","0","0","1","0","0","6","larva","6","endophytic","6","sprawler"
"Coenagrion scitulum","eutrophic","percher","May","August","12.060869014656101","2.6850175898790001","0","0","1","0","0","6","larva","6","endophytic","6","sprawler"
"Cordulegaster bidentata","streams and rivers","flier","May","August","8.8313912300271102","2.74974488967477","1","0","0","0","0","6","larva","6","sediment","6","burrower"
"Cordulegaster boltonii","streams and rivers","flier","June","August","8.7694948166270894","3.5509245994530501","1","1","0","0","0","6","larva","6","sediment","6","burrower"
"Cordulegaster helladica","southern streams and rivers","flier","May","July","15.5273375768833","1.0750426904447199","1","0","0","0","0","17","larva","6","sediment","6","sprawler"
"Cordulegaster heros","streams and rivers","flier","June","July","10.036111507752199","2.2122971223289101","1","0","0","0","0","6","larva","6","sediment","6","burrower"
"Cordulegaster insignis","southern streams and rivers","flier","June","July","13.2364358882262","2.3976381500983699","1","0","0","0","0","17","larva","6","sediment","6","burrower"
"Cordulegaster picta","southern streams and rivers","flier","May","July","13.3925079656227","1.7414358585816401","1","0","0","0","0","17","larva","6","sediment","6","burrower"
"Cordulegaster trinacriae","southern streams and rivers","flier","May","August","14.272401760150499","1.3009132158564001","1","0","0","0","0","17","larva","6","sediment","6","burrower"
"Cordulia aenea","eutrophic","flier","April","July","7.3475018811222803","2.7723118933640198","1","1","0","0","0","6","larva","6","exophytic","6","sprawler"
"Crocothemis erythraea","eutrophic","percher","May","September","12.2024431452082","3.6237455353513699","0","0","1","1","0","6","larva","6","exophytic","6","sprawler"
"Diplacodes lefebvrii","eutrophic","percher","May","October","16.776410255574401","1.0517681715882901","0","0","1","0","0","NA","larva","NA","exophytic","6","sprawler"
"Enallagma cyathigerum","eutrophic","flier_percher","May","September","8.4630982804777997","3.74763231661509","0","0","1","0","0","6","larva","6","endophytic","6","sprawler"
"Epallage fatime","southern streams and rivers","percher","April","July","13.970452522207299","3.00296367714208","0","0","1","0","0","6","larva","6","endophytic","6","hider"
"Epitheca bimaculata","eutrophic","flier","May","June","7.4939067685215299","2.2155143041063501","1","1","0","0","0","6","larva","6","exophytic","6","sprawler"
"Erythromma lindenii","generalist","flier","June","August","12.1225367825279","3.0664269333480001","0","0","1","1","0","6","larva","6","endophytic","6","sprawler"
"Erythromma najas","eutrophic","percher","May","July","7.6013436027947696","2.56899815362944","0","1","1","0","0","6","larva","6","endophytic","6","sprawler"
"Erythromma viridulum","eutrophic","percher","June","September","10.6441576906488","3.0498020814570301","0","0","1","1","0","6","larva","6","endophytic","6","sprawler"
"Gomphus graslinii","southern streams and rivers","flier","May","August","13.321427917215701","1.82073919988808","1","1","0","0","0","6","larva","6","exophytic","6","burrower"
"Gomphus pulchellus","generalist","flier_percher","May","July","11.131055399093601","2.8544442373458998","1","1","0","0","0","6","larva","6","exophytic","6","burrower"
"Gomphus schneiderii","southern streams and rivers","flier","May","July","14.371599922112701","2.2970699424833798","0","1","0","0","0","17","larva","6","exophytic","6","burrower"
"Gomphus simillimus","southern streams and rivers","flier","May","August","12.115169146910899","2.2045836928030802","1","1","0","0","0","6","larva","6","exophytic","6","burrower"
"Gomphus vulgatissimus","streams and rivers","flier","May","July","8.6060815661427998","2.4347703460007799","1","1","0","0","0","6","larva","6","exophytic","6","burrower"
"Ischnura aralensis","eutrophic","percher","May","August","NA","NA","0","0","1","1","NA","6","NA","NA","endophytic","17","sprawler"
"Ischnura elegans","eutrophic","percher","May","September","9.8146040525095604","3.47749362550047","0","0","1","1","0","6","egg_larva","6","endophytic","6","sprawler"
"Ischnura fountaineae","eutrophic","percher","March","October","17.581969696969701","0.1","0","0","0","1","1","6","larva","NA","endophytic","6","sprawler"
"Ischnura genei","eutrophic","percher","April","September","15.311392401494601","1.6440382991006499","0","0","1","1","1","NA","larva","NA","endophytic","6","sprawler"
"Ischnura graellsii","eutrophic","percher","April","October","14.2038789782052","2.4624758218882299","0","0","0","1","1","6","larva","6","endophytic","6","sprawler"
"Ischnura hastata","eutrophic","percher","April","August","16.176307027649798","0.244841129382602","0","0","1","1","1","6","larva","6","endophytic","6","sprawler"
"Ischnura intermedia","southern streams and rivers","percher","April","October","18.0261914636116","0.1","0","0","0","1","1","9","larva","9","endophytic","9","sprawler"
"Ischnura pumilio","eutrophic","percher","May","September","10.4544203080983","3.0664115260776099","0","0","1","1","1","6","larva","6","endophytic","6","sprawler"
"Ischnura saharensis","generalist","percher","March","September","NA","NA","0","0","1","1","1","NA","larva","NA","endophytic","17","sprawler"
"Ischnura senegalensis","generalist","percher","March","November","NA","NA","0","0","1","1","1","NA","larva","NA","endophytic","17","sprawler"
"Lestes barbarus","temporary waters","percher","June","September","10.741316228971099","3.0125788107003002","0","0","1","0","0","6","egg","6","endophytic","6","sprawler"
"Lestes dryas","temporary waters","percher","May","September","9.0673459555814695","2.8190092423179598","0","0","1","0","0","6","egg","6","endophytic","6","sprawler"
"Lestes macrostigma","temporary waters","percher","April","July","14.4322580507298","3.1502034714951299","0","0","1","0","0","6","egg","6","endophytic","6","sprawler"
"Lestes sponsa","oligotrophic","percher","June","September","7.5716856990765899","2.6893253284837901","0","0","1","0","0","6","egg","6","endophytic","6","sprawler"
"Lestes virens","eutrophic","percher","June","October","10.192529526293299","3.1928459931442901","0","0","1","0","0","6","egg","6","endophytic","6","sprawler"
"Leucorrhinia albifrons","oligotrophic","percher","May","July","6.4540050944198804","2.2089555543443602","0","1","0","0","0","6","larva","6","exophytic","6","sprawler"
"Leucorrhinia caudalis","eutrophic","percher","May","July","6.8981517881600203","2.5336127729217601","0","1","1","0","0","6","larva","6","exophytic","6","sprawler"
"Leucorrhinia dubia","oligotrophic","percher","May","August","5.41631628544721","3.0307626112289601","1","1","0","0","0","6","larva","6","exophytic","6","sprawler"
"Leucorrhinia pectoralis","eutrophic","percher","May","July","7.54411226592108","1.9627653145957999","0","1","0","0","0","6","larva","6","exophytic","6","sprawler"
"Leucorrhinia rubicunda","oligotrophic","percher","April","June","5.59650152999152","3.0917588665067699","0","1","0","0","0","6","larva","6","exophytic","6","sprawler"
"Libellula depressa","eutrophic","percher","April","August","9.6704571254017893","3.2148223951869701","0","1","1","0","0","6","larva","6","exophytic","6","hider"
"Libellula fulva","eutrophic","percher","May","July","10.3263321140978","3.1163802028443199","0","1","0","0","0","6","larva","6","exophytic","6","hider"
"Libellula quadrimaculata","eutrophic","percher","April","August","7.8812699274874802","3.0434562606137399","0","1","1","0","0","6","larva","6","exophytic","6","hider"
"Lindenia tetraphylla","eutrophic","flier_percher","June","July","13.492092920055599","2.2359199507507199","0","0","1","0","0","6","larva","6","exophytic","6","burrower"
"Macromia amphigena","streams and rivers","flier","June","August","NA","NA","NA","1","0","0","0","NA","larva","17","exophytic","17","hider"
"Macromia splendens","southern streams and rivers","flier","May","July","13.663219257708199","1.81522570498612","1","1","0","0","0","6","larva","6","exophytic","6","hider"
"Nehalennia speciosa","oligotrophic","percher","June","July","6.4170294763120204","1.23616776809679","0","1","1","0","0","6","larva","6","endophytic","6","sprawler"
"Onychogomphus cazuma","southern streams and rivers","flier_percher","May","July","NA","NA","0","1","1","0","0","19","larva","19","exophytic","19","burrower"
"Onychogomphus costae","southern streams and rivers","flier_percher","May","August","14.551245991974501","2.1488969292238198","0","1","1","0","0","6","larva","6","exophytic","17","burrower"
"Onychogomphus forcipatus","streams and rivers","flier_percher","May","August","10.317719545211901","3.70787357833425","1","1","0","0","0","6","larva","6","exophytic","6","burrower"
"Onychogomphus uncatus","southern streams and rivers","flier_percher","June","August","12.7784744543193","2.4121323549552298","1","1","0","0","0","6","larva","6","exophytic","6","burrower"
"Ophiogomphus cecilia","streams and rivers","flier_percher","June","September","7.5062543199602398","2.5886522118044102","1","1","0","0","0","6","larva","6","exophytic","6","burrower"
"Orthetrum albistylum","eutrophic","percher","May","August","9.9465329124663295","2.31126708779595","0","0","1","0","0","6","larva","6","exophytic","6","hider"
"Orthetrum brunneum","generalist","percher","May","August","11.718565646476801","3.4077425200455198","0","0","1","1","0","6","larva","6","exophytic","6","hider"
"Orthetrum cancellatum","eutrophic","percher","May","August","10.405540866797599","3.5283747516816102","0","1","1","0","0","6","larva","6","exophytic","6","hider"
"Orthetrum chrysostigma","generalist","percher","April","November","16.8136179658214","1.8633325653463","0","0","1","1","1","6","larva","6","exophytic","6","hider"
"Orthetrum coerulescens","generalist","percher","May","October","11.266178206783099","3.5328485911733201","0","1","1","0","0","6","larva","6","exophytic","6","hider"
"Orthetrum nitidinerve","southern streams and rivers","percher","April","September","16.718788833807601","1.84764131006803","0","0","1","0","0","17","larva","6","exophytic","6","hider"
"Orthetrum ransonnetii","southern streams and rivers","flier","January","NA","NA","NA","0","0","1","NA","0","NA","larva","17","exophytic","17","hider"
"Orthetrum sabina","eutrophic","percher","April","September","17.524393670207399","1.2153494153751301","0","0","1","1","0","6","larva","6","exophytic","6","hider"
"Orthetrum taeniolatum","southern streams and rivers","percher","April","October","16.9665852080226","1.2970843003087","0","0","0","1","1","6","larva","6","exophytic","6","hider"
"Orthetrum trinacria","eutrophic","percher","May","September","16.680669675844001","1.4916687972298399","0","0","1","0","0","6","larva","6","exophytic","6","hider"
"Oxygastra curtisii","southern streams and rivers","flier","May","July","12.2178078874247","2.3902596135451901","1","1","0","0","0","6","larva","6","exophytic","6","hider"
"Pantala flavescens","generalist","flier","June","December","NA","NA","0","0","0","1","1","6","NA","NA","exophytic","6","clasper"
"Paragomphus genei","generalist","flier_percher","April","September","15.5842270026679","1.0893389776134701","0","0","1","0","0","6","larva","6","exophytic","6","burrower"
"Platycnemis acutipennis","southern streams and rivers","percher","May","July","12.8806448968559","2.3809342382379199","0","0","1","0","0","6","larva","6","endophytic","6","clasper"
"Platycnemis latipes","southern streams and rivers","percher","May","August","13.3396499550649","2.5305644627960602","0","0","1","0","0","6","larva","6","endophytic","6","clasper"
"Platycnemis pennipes","eutrophic","percher","May","August","9.4265041053760008","3.1128539599309901","0","1","1","0","0","6","larva","6","endophytic","6","clasper"
"Platycnemis subdilatata","southern streams and rivers","percher","April","September","NA","NA","0","0","1","0","0","17","larva","17","endophytic","17","clasper"
"Pyrrhosoma elisabethae","southern streams and rivers","percher","April","June","13.9529602218302","0.77122377733456504","0","0","1","0","0","6","larva","6","endophytic","6","sprawler"
"Pyrrhosoma nymphula","eutrophic","percher","April","July","8.8145796380588592","3.0352837014510898","0","1","1","0","0","6","larva","6","endophytic","6","sprawler"
"Selysiothemis nigra","eutrophic","percher","May","September","15.1593147075824","2.4827312797817398","0","0","1","0","0","NA","larva","NA","exophytic","NA","sprawler"
"Somatochlora alpestris","oligotrophic","flier","June","August","2.7288254781305099","3.5149487998081099","1","1","0","0","0","6","egg_larva","6","exophytic","6","sprawler"
"Somatochlora arctica","oligotrophic","flier","May","August","5.2193526480656303","3.1684371680638002","1","1","0","0","0","6","egg_larva","6","exophytic","6","sprawler"
"Somatochlora borisi","southern streams and rivers","flier","May","July","12.697512118947699","0.59336105664679895","1","1","0","0","0","17","larva","17","exophytic","6","sprawler"
"Somatochlora flavomaculata","temporary waters","flier","May","August","7.7694840322737004","2.6572395456603202","1","1","0","0","0","6","larva","6","exophytic","6","sprawler"
"Somatochlora graeseri","eutrophic","flier","June","August","NA","NA","1","1","0","0","0","6","larva","17","exophytic","17","sprawler"
"Somatochlora meridionalis","streams and rivers","flier","June","August","11.505088774896199","2.5146306305794601","1","1","0","0","0","17","larva","17","exophytic","6","sprawler"
"Somatochlora metallica","eutrophic","flier","May","August","6.4124758701284899","3.2571749694490002","1","1","0","0","0","6","larva","6","exophytic","6","sprawler"
"Somatochlora sahlbergi","oligotrophic","flier","July","July","-0.63574341823022196","1.71817876569457","1","0","0","0","0","6","larva","17","exophytic","17","sprawler"
"Stylurus flavipes","streams and rivers","flier","June","August","9.0972586967223297","2.0118613304328101","1","1","0","0","0","6","egg_larva","6","exophytic","6","burrower"
"Sympecma fusca","eutrophic","percher","March","December","10.848005074721099","3.3380751430634801","0","0","1","0","0","6","adult","6","endophytic","6","sprawler"
"Sympecma paedisca","eutrophic","percher","March","December","6.7874086591524501","1.4173051110610499","0","0","1","0","0","6","adult","6","endophytic","6","sprawler"
"Sympetrum danae","oligotrophic","percher","June","October","6.7606579421621298","2.5935594065173002","0","0","1","0","0","6","egg","6","exophytic","6","sprawler"
"Sympetrum depressiusculum","temporary waters","percher","July","September","9.0399432247992006","2.5598928028369299","0","0","1","0","0","6","egg","6","exophytic","6","sprawler"
"Sympetrum flaveolum","temporary waters","percher","June","September","7.6609619664469397","2.29416595923013","0","0","1","0","0","6","egg","6","exophytic","6","sprawler"
"Sympetrum fonscolombii","eutrophic","percher","April","December","12.589838015119399","3.8555563834582798","0","0","0","1","1","8","egg_larva","8","exophytic","6","sprawler"
"Sympetrum meridionale","temporary waters","percher","May","September","11.9896071081145","3.2569374360763201","0","0","1","0","0","6","egg","6","exophytic","6","sprawler"
"Sympetrum nigrifemur","generalist","percher","March","December","18.172187108604401","1.5915524282096301","0","0","0","1","0","6","egg","6","exophytic","6","sprawler"
"Sympetrum pedemontanum","streams and rivers","percher","July","September","8.5386191878865905","2.07938143782828","0","0","1","0","0","6","egg","6","exophytic","6","sprawler"
"Sympetrum sanguineum","eutrophic","percher","June","September","9.3263371217134203","2.6637349384610598","0","0","1","0","0","6","egg","6","exophytic","6","sprawler"
"Sympetrum sinaiticum","southern streams and rivers","percher","June","December","15.343144566883399","1.9951632598939399","0","0","1","0","0","6","egg","6","exophytic","6","sprawler"
"Sympetrum striolatum","eutrophic","percher","June","December","10.8166096774781","3.7115277300035499","0","1","1","0","0","6","egg_larva","6","exophytic","6","sprawler"
"Sympetrum vulgatum","eutrophic","percher","July","October","7.7503984990107204","2.4197686030151102","0","0","1","0","0","6","egg","6","exophytic","6","sprawler"
"Trithemis annulata","generalist","percher","May","November","15.377859387265699","2.2066907833384999","0","0","1","1","1","6","larva","6","exophytic","6","sprawler"
"Trithemis arteriosa","generalist","percher","May","November","18.2776665479911","1.5940758954013901","0","0","1","1","1","NA","larva","NA","exophytic","17","sprawler"
"Trithemis festiva","southern streams and rivers","percher","May","November","17.977017860030202","0.56187466571681899","0","0","1","1","0","NA","larva","6","exophytic","6","sprawler"
"Trithemis kirbyi","generalist","percher","April","October","16.722997459062","1.28252002004466","0","0","0","1","1","6","larva","6","exophytic","6","sprawler"
"Zygonyx torridus","southern streams and rivers","flier","May","October","17.8176729655153","2.1252448092691201","0","0","1","0","0","NA","larva","NA","exophytic","6","hider"
