"species_name","exuvia_length_min","exuvia_length_max","exuvia_body_length_min","exuvia_body_length_max","exuvia_caudal_lamellae_min","exuvia_caudal_lamellae_max"
"Aeshna affinis","29","37","not relevant","not relevant","not relevant","not relevant"
"Aeshna caerulea","34","42","not relevant","not relevant","not relevant","not relevant"
"Aeshna crenata","40","54","not relevant","not relevant","not relevant","not relevant"
"Aeshna cyanea","34","48","not relevant","not relevant","not relevant","not relevant"
"Aeshna grandis","41","46","not relevant","not relevant","not relevant","not relevant"
"Aeshna isoceles","38","44","not relevant","not relevant","not relevant","not relevant"
"Aeshna juncea","37","45","not relevant","not relevant","not relevant","not relevant"
"Aeshna mixta","29","37","not relevant","not relevant","not relevant","not relevant"
"Aeshna serrata","44","46","not relevant","not relevant","not relevant","not relevant"
"Aeshna subarctica","37","43","not relevant","not relevant","not relevant","not relevant"
"Aeshna viridis","39","46","not relevant","not relevant","not relevant","not relevant"
"Anax ephippiger","42","44","not relevant","not relevant","not relevant","not relevant"
"Anax immaculifrons","56","58","not relevant","not relevant","not relevant","not relevant"
"Anax imperator","45","59","not relevant","not relevant","not relevant","not relevant"
"Anax parthenope","48","54","not relevant","not relevant","not relevant","not relevant"
"Boyeria cretensis","40","44","not relevant","not relevant","not relevant","not relevant"
"Boyeria irene","36","41","not relevant","not relevant","not relevant","not relevant"
"Brachythemis impartita","14","18","not relevant","not relevant","not relevant","not relevant"
"Brachytron pratense","35","40","not relevant","not relevant","not relevant","not relevant"
"Caliaeschna microstigma","29","35","not relevant","not relevant","not relevant","not relevant"
"Calopteryx haemorrhoidalis","28","31","19","20","9","11"
"Calopteryx splendens","27","38","18","24","9","14"
"Calopteryx virgo","23","34","17","23","6","11"
"Calopteryx xanthostoma","31","36","22","23","9","13"
"Ceriagrion georgifreyi","14","17","13","14","4","NA"
"Ceriagrion tenellum","15","19","11","14","4","5"
"Chalcolestes parvidens","23","29","15","20","8","9"
"Chalcolestes viridis","23","29","16","20","7","9"
"Coenagrion armatum","19","23","14","17","5","6"
"Coenagrion caerulescens","14","18","11","14","3","4"
"Coenagrion castellani **","14","18","11","14","3","4"
"Coenagrion ecornutum","NA","NA","NA","NA","NA","NA"
"Coenagrion glaciale","NA","NA","NA","NA","NA","NA"
"Coenagrion hastulatum","20","23","14","16","6","7"
"Coenagrion hylas","21","23","15","16","6","7"
"Coenagrion intermedium","18","21","13","15","5","6"
"Coenagrion johanssoni","13","14.5","10","11","3","3.5"
"Coenagrion lunulatum","19","25","14","17","5","8"
"Coenagrion mercuriale","14","18","11","14","3","4"
"Coenagrion ornatum","15","19","12","15","3","4"
"Coenagrion puella","17","21","12","15","5","6"
"Coenagrion pulchellum","17","20","12","14","5","6"
"Coenagrion scitulum","14","21","11","15","3","6"
"Cordulegaster bidentata","34","45","not relevant","not relevant","not relevant","not relevant"
"Cordulegaster boltonii","35","47","not relevant","not relevant","not relevant","not relevant"
"Cordulegaster helladica","40","NA","not relevant","not relevant","not relevant","not relevant"
"Cordulegaster heros","40","48","not relevant","not relevant","not relevant","not relevant"
"Cordulegaster insignis","34","48","not relevant","not relevant","not relevant","not relevant"
"Cordulegaster picta","39","44","not relevant","not relevant","not relevant","not relevant"
"Cordulegaster trinacriae","39","48","not relevant","not relevant","not relevant","not relevant"
"Cordulia aenea","21","26","not relevant","not relevant","not relevant","not relevant"
"Crocothemis erythraea","17","19","not relevant","not relevant","not relevant","not relevant"
"Diplacodes lefebvrii","12","15","not relevant","not relevant","not relevant","not relevant"
"Enallagma cyathigerum","20","25","14","18","6","7"
"Epallage fatime","20","24","15","18","5","6"
"Epitheca bimaculata","27","32","not relevant","not relevant","not relevant","not relevant"
"Erythromma lindenii","18","22","13","15","5","7"
"Erythromma najas","25","31","18","22","7","9"
"Erythromma viridulum","17","20","12","14","5","6"
"Gomphus graslinii","27","30","not relevant","not relevant","not relevant","not relevant"
"Gomphus pulchellus","25","31","not relevant","not relevant","not relevant","not relevant"
"Gomphus schneiderii","26","30","not relevant","not relevant","not relevant","not relevant"
"Gomphus simillimus","25","30","not relevant","not relevant","not relevant","not relevant"
"Gomphus vulgatissimus","24","32","not relevant","not relevant","not relevant","not relevant"
"Ischnura aralensis","NA","NA","NA","NA","NA","NA"
"Ischnura elegans","18","21","13","15","5","6"
"Ischnura fountaineae","17","21","12","15","5","6"
"Ischnura genei","16","21","12","15","4","6"
"Ischnura graellsii","16","19","12","14","4","5"
"Ischnura hastata","NA","NA","NA","NA","NA","NA"
"Ischnura intermedia","15","19","NA","NA","NA","NA"
"Ischnura pumilio","15","19","11","13","4","6"
"Ischnura saharensis","NA","NA","NA","NA","NA","NA"
"Ischnura senegalensis","NA","NA","NA","NA","NA","NA"
"Lestes barbarus","23","26","16","18","7","8"
"Lestes dryas","24","35","17","25","7","10"
"Lestes macrostigma","22","29","14","20","8","9"
"Lestes sponsa","24","31","16","22","8","9"
"Lestes virens","22","26","16","19","6","7"
"Leucorrhinia albifrons","15","22","not relevant","not relevant","not relevant","not relevant"
"Leucorrhinia caudalis","17","21","not relevant","not relevant","not relevant","not relevant"
"Leucorrhinia dubia","16","19","not relevant","not relevant","not relevant","not relevant"
"Leucorrhinia pectoralis","19","23","not relevant","not relevant","not relevant","not relevant"
"Leucorrhinia rubicunda","18","22","not relevant","not relevant","not relevant","not relevant"
"Libellula depressa","21","26","not relevant","not relevant","not relevant","not relevant"
"Libellula fulva","20","25","not relevant","not relevant","not relevant","not relevant"
"Libellula quadrimaculata","21","27","not relevant","not relevant","not relevant","not relevant"
"Lindenia tetraphylla","42","45","not relevant","not relevant","not relevant","not relevant"
"Macromia amphigena","NA","NA","not relevant","not relevant","not relevant","not relevant"
"Macromia splendens","28","32","not relevant","not relevant","not relevant","not relevant"
"Nehalennia speciosa","12","16","10","12","2","4"
"Onychogomphus cazuma","21","23","not relevant","not relevant","not relevant","not relevant"
"Onychogomphus costae","22","25","not relevant","not relevant","not relevant","not relevant"
"Onychogomphus forcipatus","22","26","not relevant","not relevant","not relevant","not relevant"
"Onychogomphus uncatus","22","26","not relevant","not relevant","not relevant","not relevant"
"Ophiogomphus cecilia","28","32","not relevant","not relevant","not relevant","not relevant"
"Orthetrum albistylum","18","25","not relevant","not relevant","not relevant","not relevant"
"Orthetrum brunneum","17","23","not relevant","not relevant","not relevant","not relevant"
"Orthetrum cancellatum","19","29","not relevant","not relevant","not relevant","not relevant"
"Orthetrum chrysostigma","15","18","not relevant","not relevant","not relevant","not relevant"
"Orthetrum coerulescens","18","20","not relevant","not relevant","not relevant","not relevant"
"Orthetrum nitidinerve","19","23","not relevant","not relevant","not relevant","not relevant"
"Orthetrum ransonnetii","NA","NA","not relevant","not relevant","not relevant","not relevant"
"Orthetrum sabina","17","23","not relevant","not relevant","not relevant","not relevant"
"Orthetrum taeniolatum","13","15","not relevant","not relevant","not relevant","not relevant"
"Orthetrum trinacria","24","28","not relevant","not relevant","not relevant","not relevant"
"Oxygastra curtisii","19","22","not relevant","not relevant","not relevant","not relevant"
"Pantala flavescens","NA","NA","not relevant","not relevant","not relevant","not relevant"
"Paragomphus genei","24","26","not relevant","not relevant","not relevant","not relevant"
"Platycnemis acutipennis","18","22","12","15","6","7"
"Platycnemis latipes","16","19","11","13","5","6"
"Platycnemis pennipes","18","24","13","16","5","8"
"Platycnemis subdilatata","NA","NA","NA","NA","NA","NA"
"Pyrrhosoma elisabethae","17","21","NA","NA","NA","NA"
"Pyrrhosoma nymphula","17","21","13","15","4","6"
"Selysiothemis nigra","16","19","not relevant","not relevant","not relevant","not relevant"
"Somatochlora alpestris","19","22","not relevant","not relevant","not relevant","not relevant"
"Somatochlora arctica","17","20","not relevant","not relevant","not relevant","not relevant"
"Somatochlora borisi","19","22","not relevant","not relevant","not relevant","not relevant"
"Somatochlora flavomaculata","19","22","not relevant","not relevant","not relevant","not relevant"
"Somatochlora graeseri","NA","NA","not relevant","not relevant","not relevant","not relevant"
"Somatochlora meridionalis","21","24","not relevant","not relevant","not relevant","not relevant"
"Somatochlora metallica","22","26","not relevant","not relevant","not relevant","not relevant"
"Somatochlora sahlbergi","18","22","not relevant","not relevant","not relevant","not relevant"
"Stylurus flavipes","31","35","not relevant","not relevant","not relevant","not relevant"
"Sympecma fusca","20","25","14","17","6","8"
"Sympecma paedisca","23","25","16","17","7","8"
"Sympetrum danae","12","17","not relevant","not relevant","not relevant","not relevant"
"Sympetrum depressiusculum","13","15","not relevant","not relevant","not relevant","not relevant"
"Sympetrum flaveolum","14","18","not relevant","not relevant","not relevant","not relevant"
"Sympetrum fonscolombii","15","20","not relevant","not relevant","not relevant","not relevant"
"Sympetrum meridionale","14","17","not relevant","not relevant","not relevant","not relevant"
"Sympetrum nigrifemur","15","19","not relevant","not relevant","not relevant","not relevant"
"Sympetrum pedemontanum","12","15","not relevant","not relevant","not relevant","not relevant"
"Sympetrum sanguineum","13","18","not relevant","not relevant","not relevant","not relevant"
"Sympetrum sinaiticum","14","16","not relevant","not relevant","not relevant","not relevant"
"Sympetrum striolatum","14","18","not relevant","not relevant","not relevant","not relevant"
"Sympetrum vulgatum","15","19","not relevant","not relevant","not relevant","not relevant"
"Trithemis annulata","16","20","not relevant","not relevant","not relevant","not relevant"
"Trithemis arteriosa","18","21","not relevant","not relevant","not relevant","not relevant"
"Trithemis festiva","13","17","not relevant","not relevant","not relevant","not relevant"
"Trithemis kirbyi","17","22","not relevant","not relevant","not relevant","not relevant"
"Zygonyx torridus","24","25","not relevant","not relevant","not relevant","not relevant"
