"species_name","bern_convention","habitats_directive_2","habitats_directive_4","endemic_europe","endemic_eu27","near_endemic_europe"
"Aeshna affinis",0,0,0,0,0,0
"Aeshna caerulea",0,0,0,0,0,0
"Aeshna crenata",0,0,0,0,0,0
"Aeshna cyanea",0,0,0,0,0,1
"Aeshna grandis",0,0,0,0,0,0
"Aeshna isoceles",0,0,0,0,0,0
"Aeshna juncea",0,0,0,0,0,0
"Aeshna mixta",0,0,0,0,0,0
"Aeshna serrata",0,0,0,0,0,0
"Aeshna subarctica",0,0,0,0,0,0
"Aeshna viridis",1,0,4,0,0,0
"Anax ephippiger",0,0,0,0,0,0
"Anax immaculifrons",0,0,0,0,0,0
"Anax imperator",0,0,0,0,0,0
"Anax parthenope",0,0,0,0,0,0
"Boyeria cretensis",0,0,0,1,1,0
"Boyeria irene",0,0,0,0,0,1
"Brachythemis impartita",0,0,0,0,0,0
"Brachytron pratense",0,0,0,0,0,1
"Caliaeschna microstigma",0,0,0,0,0,0
"Calopteryx haemorrhoidalis",0,0,0,0,0,0
"Calopteryx splendens",0,0,0,0,0,0
"Calopteryx virgo",0,0,0,0,0,0
"Calopteryx xanthostoma",0,0,0,1,1,0
"Ceriagrion georgifreyi",0,0,0,0,0,0
"Ceriagrion tenellum",0,0,0,0,0,1
"Chalcolestes parvidens",0,0,0,0,0,0
"Chalcolestes viridis",0,0,0,0,0,1
"Coenagrion armatum",0,0,0,0,0,0
"Coenagrion caerulescens",0,0,0,0,0,0
"Coenagrion castellani",0,2,0,1,1,0
"Coenagrion ecornutum",0,0,0,0,0,0
"Coenagrion glaciale",0,0,0,0,0,0
"Coenagrion hastulatum",0,0,0,0,0,0
"Coenagrion hylas",1,2,0,0,0,0
"Coenagrion intermedium",0,0,0,1,1,0
"Coenagrion johanssoni",0,0,0,0,0,0
"Coenagrion lunulatum",0,0,0,0,0,0
"Coenagrion mercuriale",1,2,0,0,0,1
"Coenagrion ornatum",0,2,0,0,0,0
"Coenagrion puella",0,0,0,0,0,0
"Coenagrion pulchellum",0,0,0,0,0,0
"Coenagrion scitulum",0,0,0,0,0,0
"Cordulegaster bidentata",0,0,0,1,0,0
"Cordulegaster boltonii",0,0,0,0,0,1
"Cordulegaster helladica",0,0,0,1,1,0
"Cordulegaster heros",0,2,4,1,0,0
"Cordulegaster insignis",0,0,0,0,0,0
"Cordulegaster picta",0,0,0,0,0,0
"Cordulegaster trinacriae",1,2,4,1,1,0
"Cordulia aenea",0,0,0,0,0,0
"Crocothemis erythraea",0,0,0,0,0,0
"Diplacodes lefebvrii",0,0,0,0,0,0
"Enallagma cyathigerum",0,0,0,0,0,0
"Epallage fatime",0,0,0,0,0,0
"Epitheca bimaculata",0,0,0,0,0,0
"Erythromma lindenii",0,0,0,0,0,0
"Erythromma najas",0,0,0,0,0,0
"Erythromma viridulum",0,0,0,0,0,0
"Gomphus graslinii",1,2,4,1,1,0
"Gomphus pulchellus",0,0,0,1,0,0
"Gomphus schneiderii",0,0,0,0,0,0
"Gomphus simillimus",0,0,0,1,0,0
"Gomphus vulgatissimus",0,0,0,0,0,0
"Ischnura aralensis",0,0,0,0,0,0
"Ischnura elegans",0,0,0,0,0,0
"Ischnura fountaineae",0,0,0,0,0,0
"Ischnura genei",0,0,0,1,1,0
"Ischnura graellsii",0,0,0,0,0,0
"Ischnura hastata",0,0,0,0,0,0
"Ischnura intermedia",0,0,0,0,0,0
"Ischnura pumilio",0,0,0,0,0,0
"Ischnura saharensis",0,0,0,0,0,0
"Ischnura senegalensis",0,0,0,0,0,0
"Lestes barbarus",0,0,0,0,0,0
"Lestes dryas",0,0,0,0,0,0
"Lestes macrostigma",0,0,0,0,0,0
"Lestes sponsa",0,0,0,0,0,0
"Lestes virens",0,0,0,0,0,0
"Leucorrhinia albifrons",1,0,4,0,0,0
"Leucorrhinia caudalis",1,0,4,0,0,0
"Leucorrhinia dubia",0,0,0,0,0,0
"Leucorrhinia pectoralis",1,2,4,0,0,0
"Leucorrhinia rubicunda",0,0,0,0,0,0
"Libellula depressa",0,0,0,0,0,0
"Libellula fulva",0,0,0,0,0,1
"Libellula quadrimaculata",0,0,0,0,0,0
"Lindenia tetraphylla",1,2,4,0,0,0
"Macromia amphigena",0,0,0,0,0,0
"Macromia splendens",1,2,4,1,1,0
"Nehalennia speciosa",0,0,0,0,0,0
"Onychogomphus cazuma",0,0,0,1,1,0
"Onychogomphus costae",0,0,0,0,0,0
"Onychogomphus forcipatus",0,0,0,0,0,0
"Onychogomphus uncatus",0,0,0,0,0,1
"Ophiogomphus cecilia",1,2,4,0,0,0
"Orthetrum albistylum",0,0,0,0,0,0
"Orthetrum brunneum",0,0,0,0,0,0
"Orthetrum cancellatum",0,0,0,0,0,0
"Orthetrum chrysostigma",0,0,0,0,0,0
"Orthetrum coerulescens",0,0,0,0,0,0
"Orthetrum nitidinerve",0,0,0,0,0,0
"Orthetrum ransonnetii",0,0,0,0,0,0
"Orthetrum sabina",0,0,0,0,0,0
"Orthetrum taeniolatum",0,0,0,0,0,0
"Orthetrum trinacria",0,0,0,0,0,0
"Oxygastra curtisii",1,2,4,0,0,1
"Pantala flavescens",0,0,0,0,0,0
"Paragomphus genei",0,0,0,0,0,0
"Platycnemis acutipennis",0,0,0,1,1,0
"Platycnemis latipes",0,0,0,1,1,0
"Platycnemis pennipes",0,0,0,0,0,0
"Platycnemis subdilatata",0,0,0,0,0,0
"Pyrrhosoma elisabethae",0,0,0,1,0,0
"Pyrrhosoma nymphula",0,0,0,0,0,1
"Selysiothemis nigra",0,0,0,0,0,0
"Somatochlora alpestris",0,0,0,0,0,0
"Somatochlora arctica",0,0,0,0,0,0
"Somatochlora borisi",0,0,0,1,0,0
"Somatochlora flavomaculata",0,0,0,0,0,0
"Somatochlora graeseri",0,0,0,0,0,0
"Somatochlora meridionalis",0,0,0,0,0,1
"Somatochlora metallica",0,0,0,0,0,0
"Somatochlora sahlbergi",0,0,0,0,0,0
"Stylurus flavipes",1,0,4,0,0,0
"Sympecma fusca",0,0,0,0,0,0
"Sympecma paedisca",1,0,4,0,0,0
"Sympetrum danae",0,0,0,0,0,0
"Sympetrum depressiusculum",0,0,0,0,0,0
"Sympetrum flaveolum",0,0,0,0,0,0
"Sympetrum fonscolombii",0,0,0,0,0,0
"Sympetrum meridionale",0,0,0,0,0,0
"Sympetrum nigrifemur",0,0,0,1,1,0
"Sympetrum pedemontanum",0,0,0,0,0,0
"Sympetrum sanguineum",0,0,0,0,0,0
"Sympetrum sinaiticum",0,0,0,0,0,0
"Sympetrum striolatum",0,0,0,0,0,0
"Sympetrum vulgatum",0,0,0,0,0,0
"Trithemis annulata",0,0,0,0,0,0
"Trithemis arteriosa",0,0,0,0,0,0
"Trithemis festiva",0,0,0,0,0,0
"Trithemis kirbyi",0,0,0,0,0,0
"Zygonyx torridus",0,0,0,0,0,0
