"species_name","species_name_long","family","genus","species"
"Aeshna affinis","Aeshna affinis Vander Linden, 1820","Aeshnidae","Aeshna","affinis"
"Aeshna caerulea","Aeshna caerulea (Ström, 1783)","Aeshnidae","Aeshna","caerulea"
"Aeshna crenata","Aeshna crenata Hagen, 1856","Aeshnidae","Aeshna","crenata"
"Aeshna cyanea","Aeshna cyanea (Müller, 1764)","Aeshnidae","Aeshna","cyanea"
"Aeshna grandis","Aeshna grandis (Linnaeus, 1758)","Aeshnidae","Aeshna","grandis"
"Aeshna isoceles","Aeshna isoceles (Müller, 1767)","Aeshnidae","Aeshna","isoceles"
"Aeshna juncea","Aeshna juncea (Linnaeus, 1758)","Aeshnidae","Aeshna","juncea"
"Aeshna mixta","Aeshna mixta Latreille, 1805","Aeshnidae","Aeshna","mixta"
"Aeshna serrata","Aeshna serrata Hagen, 1856","Aeshnidae","Aeshna","serrata"
"Aeshna subarctica","Aeshna subarctica Walker, 1908","Aeshnidae","Aeshna","subarctica"
"Aeshna viridis","Aeshna viridis Eversmann, 1836","Aeshnidae","Aeshna","viridis"
"Anax ephippiger","Anax ephippiger (Burmeister, 1839)","Aeshnidae","Anax","ephippiger"
"Anax immaculifrons","Anax immaculifrons Rambur, 1842","Aeshnidae","Anax","immaculifrons"
"Anax imperator","Anax imperator Leach, 1815","Aeshnidae","Anax","imperator"
"Anax parthenope","Anax parthenope (Selys, 1839)","Aeshnidae","Anax","parthenope"
"Boyeria cretensis","Boyeria cretensis Peters, 1991","Aeshnidae","Boyeria","cretensis"
"Boyeria irene","Boyeria irene (Fonscolombe, 1838)","Aeshnidae","Boyeria","irene"
"Brachytron pratense","Brachytron pratense (Müller, 1764)","Aeshnidae","Brachytron","pratense"
"Caliaeschna microstigma","Caliaeschna microstigma (Schneider, 1845)","Aeshnidae","Caliaeschna","microstigma"
"Calopteryx haemorrhoidalis","Calopteryx haemorrhoidalis (Vander Linden, 1825)","Calopterygidae","Calopteryx","haemorrhoidalis"
"Calopteryx splendens","Calopteryx splendens (Harris, 1782)","Calopterygidae","Calopteryx","splendens"
"Calopteryx virgo","Calopteryx virgo (Linnaeus, 1758)","Calopterygidae","Calopteryx","virgo"
"Calopteryx xanthostoma","Calopteryx xanthostoma (Charpentier, 1825)","Calopterygidae","Calopteryx","xanthostoma"
"Ceriagrion georgifreyi","Ceriagrion georgifreyi Schmidt, 1953","Coenagrionidae","Ceriagrion","georgifreyi"
"Ceriagrion tenellum","Ceriagrion tenellum (De Villers, 1789)","Coenagrionidae","Ceriagrion","tenellum"
"Coenagrion armatum","Coenagrion armatum (Charpentier, 1840)","Coenagrionidae","Coenagrion","armatum"
"Coenagrion caerulescens","Coenagrion caerulescens (Fonscolombe, 1838)","Coenagrionidae","Coenagrion","caerulescens"
"Coenagrion castellani","Coenagrion castellani Roberts, 1948","Coenagrionidae","Coenagrion","castellani"
"Coenagrion ecornutum","Coenagrion ecornutum (Selys, 1872)","Coenagrionidae","Coenagrion","ecornutum"
"Coenagrion glaciale","Coenagrion glaciale (Selys, 1872","Coenagrionidae","Coenagrion","glaciale"
"Coenagrion hastulatum","Coenagrion hastulatum (Charpentier, 1825)","Coenagrionidae","Coenagrion","hastulatum"
"Coenagrion hylas","Coenagrion hylas (Trybom, 1889)","Coenagrionidae","Coenagrion","hylas"
"Coenagrion intermedium","Coenagrion intermedium Lohmann, 1990","Coenagrionidae","Coenagrion","intermedium"
"Coenagrion johanssoni","Coenagrion johanssoni (Wallengren, 1894)","Coenagrionidae","Coenagrion","johanssoni"
"Coenagrion lunulatum","Coenagrion lunulatum (Charpentier, 1840)","Coenagrionidae","Coenagrion","lunulatum"
"Coenagrion mercuriale","Coenagrion mercuriale (Charpentier, 1840)","Coenagrionidae","Coenagrion","mercuriale"
"Coenagrion ornatum","Coenagrion ornatum (Selys, 1850)","Coenagrionidae","Coenagrion","ornatum"
"Coenagrion puella","Coenagrion puella (Linnaeus, 1758)","Coenagrionidae","Coenagrion","puella"
"Coenagrion pulchellum","Coenagrion pulchellum (Vander Linden, 1825)","Coenagrionidae","Coenagrion","pulchellum"
"Coenagrion scitulum","Coenagrion scitulum (Rambur, 1842)","Coenagrionidae","Coenagrion","scitulum"
"Enallagma cyathigerum","Enallagma cyathigerum (Charpentier, 1840)","Coenagrionidae","Enallagma","cyathigerum"
"Erythromma lindenii","Erythromma lindenii (Selys, 1840)","Coenagrionidae","Erythromma","lindenii"
"Erythromma najas","Erythromma najas (Hansemann, 1823)","Coenagrionidae","Erythromma","najas"
"Erythromma viridulum","Erythromma viridulum (Charpentier, 1840)","Coenagrionidae","Erythromma","viridulum"
"Ischnura aralensis","Ischnura aralensis Haritonov, 1979","Coenagrionidae","Ischnura","aralensis"
"Ischnura elegans","Ischnura elegans (Vander Linden, 1820)","Coenagrionidae","Ischnura","elegans"
"Ischnura fountaineae","Ischnura fountaineae Morton, 1905","Coenagrionidae","Ischnura","fountaineae"
"Ischnura genei","Ischnura genei (Rambur, 1842)","Coenagrionidae","Ischnura","genei"
"Ischnura graellsii","Ischnura graellsii (Rambur, 1842)","Coenagrionidae","Ischnura","graellsii"
"Ischnura hastata","Ischnura hastata (Say, 1839)","Coenagrionidae","Ischnura","hastata"
"Ischnura intermedia","Ischnura intermedia Dumont 1974","Coenagrionidae","Ischnura","intermedia"
"Ischnura pumilio","Ischnura pumilio (Charpentier, 1825)","Coenagrionidae","Ischnura","pumilio"
"Ischnura saharensis","Ischnura saharensis Aguesse, 1958","Coenagrionidae","Ischnura","saharensis"
"Ischnura senegalensis","Ischnura senegalensis (Rambur, 1842)","Coenagrionidae","Ischnura","senegalensis"
"Nehalennia speciosa","Nehalennia speciosa (Charpentier, 1840)","Coenagrionidae","Nehalennia","speciosa"
"Pyrrhosoma elisabethae","Pyrrhosoma elisabethae Schmidt, 1948","Coenagrionidae","Pyrrhosoma","elisabethae"
"Pyrrhosoma nymphula","Pyrrhosoma nymphula (Sulzer, 1776)","Coenagrionidae","Pyrrhosoma","nymphula"
"Cordulegaster bidentata","Cordulegaster bidentata Selys, 1843","Cordulegastridae","Cordulegaster","bidentata"
"Cordulegaster boltonii","Cordulegaster boltonii (Donovan, 1807)","Cordulegastridae","Cordulegaster","boltonii"
"Cordulegaster helladica","Cordulegaster helladica (Lohmann, 1993)","Cordulegastridae","Cordulegaster","helladica"
"Cordulegaster heros","Cordulegaster heros Theischinger, 1979","Cordulegastridae","Cordulegaster","heros"
"Cordulegaster insignis","Cordulegaster insignis Schneider, 1845","Cordulegastridae","Cordulegaster","insignis"
"Cordulegaster picta","Cordulegaster picta Selys, 1854","Cordulegastridae","Cordulegaster","picta"
"Cordulegaster trinacriae","Cordulegaster trinacriae Waterston, 1976","Cordulegastridae","Cordulegaster","trinacriae"
"Cordulia aenea","Cordulia aenea (Linnaeus, 1758)","Corduliidae","Cordulia","aenea"
"Epitheca bimaculata","Epitheca bimaculata (Charpentier, 1825)","Corduliidae","Epitheca","bimaculata"
"Somatochlora alpestris","Somatochlora alpestris (Selys, 1840)","Corduliidae","Somatochlora","alpestris"
"Somatochlora arctica","Somatochlora arctica (Zetterstedt, 1840)","Corduliidae","Somatochlora","arctica"
"Somatochlora borisi","Somatochlora borisi Marinov, 2001","Corduliidae","Somatochlora","borisi"
"Somatochlora flavomaculata","Somatochlora flavomaculata (Vander Linden, 1825)","Corduliidae","Somatochlora","flavomaculata"
"Somatochlora graeseri","Somatochlora graeseri Selys, 1887","Corduliidae","Somatochlora","graeseri"
"Somatochlora meridionalis","Somatochlora meridionalis Nielsen, 1935","Corduliidae","Somatochlora","meridionalis"
"Somatochlora metallica","Somatochlora metallica (Vander Linden, 1825)","Corduliidae","Somatochlora","metallica"
"Somatochlora sahlbergi","Somatochlora sahlbergi Trybom, 1889","Corduliidae","Somatochlora","sahlbergi"
"Epallage fatime","Epallage fatime (Charpentier, 1840)","Euphaeidae","Epallage","fatime"
"Gomphus graslinii","Gomphus graslinii Rambur, 1842","Gomphidae","Gomphus","graslinii"
"Gomphus pulchellus","Gomphus pulchellus Selys, 1840","Gomphidae","Gomphus","pulchellus"
"Gomphus schneiderii","Gomphus schneiderii Selys, 1850","Gomphidae","Gomphus","schneiderii"
"Gomphus simillimus","Gomphus simillimus Selys, 1840","Gomphidae","Gomphus","simillimus"
"Gomphus vulgatissimus","Gomphus vulgatissimus (Linnaeus, 1758)","Gomphidae","Gomphus","vulgatissimus"
"Lindenia tetraphylla","Lindenia tetraphylla (Vander Linden, 1825)","Gomphidae","Lindenia","tetraphylla"
"Onychogomphus cazuma","Onychogomphus cazuma Barona, Cardo & Diaz, 2020","Gomphidae","Onychogomphus","cazuma"
"Onychogomphus costae","Onychogomphus costae Selys, 1885","Gomphidae","Onychogomphus","costae"
"Onychogomphus forcipatus","Onychogomphus forcipatus (Linnaeus, 1758)","Gomphidae","Onychogomphus","forcipatus"
"Onychogomphus uncatus","Onychogomphus uncatus (Charpentier, 1840)","Gomphidae","Onychogomphus","uncatus"
"Ophiogomphus cecilia","Ophiogomphus cecilia (Fourcroy, 1785)","Gomphidae","Ophiogomphus","cecilia"
"Paragomphus genei","Paragomphus genei (Selys, 1841)","Gomphidae","Paragomphus","genei"
"Stylurus flavipes","Stylurus flavipes (Charpentier, 1826)","Gomphidae","Stylurus","flavipes"
"Chalcolestes parvidens","Chalcolestes parvidens Artobolevskii, 1929","Lestidae","Chalcolestes","parvidens"
"Chalcolestes viridis","Chalcolestes viridis (Vander Linden, 1825)","Lestidae","Chalcolestes","viridis"
"Lestes barbarus","Lestes barbarus (Fabricius, 1798)","Lestidae","Lestes","barbarus"
"Lestes dryas","Lestes dryas Kirby, 1890","Lestidae","Lestes","dryas"
"Lestes macrostigma","Lestes macrostigma (Eversmann, 1836)","Lestidae","Lestes","macrostigma"
"Lestes sponsa","Lestes sponsa (Hansemann, 1823)","Lestidae","Lestes","sponsa"
"Lestes virens","Lestes virens (Charpentier, 1825)","Lestidae","Lestes","virens"
"Sympecma fusca","Sympecma fusca (Vander Linden, 1820)","Lestidae","Sympecma","fusca"
"Sympecma paedisca","Sympecma paedisca (Brauer, 1877)","Lestidae","Sympecma","paedisca"
"Brachythemis impartita","Brachythemis impartita (Burmeister, 1839)","Libellulidae","Brachythemis","impartita"
"Crocothemis erythraea","Crocothemis erythraea (Brullé, 1832)","Libellulidae","Crocothemis","erythraea"
"Diplacodes lefebvrii","Diplacodes lefebvrii (Rambur, 1842)","Libellulidae","Diplacodes","lefebvrii"
"Leucorrhinia albifrons","Leucorrhinia albifrons (Burmeister, 1839)","Libellulidae","Leucorrhinia","albifrons"
"Leucorrhinia caudalis","Leucorrhinia caudalis (Charpentier, 1840)","Libellulidae","Leucorrhinia","caudalis"
"Leucorrhinia dubia","Leucorrhinia dubia (Vander Linden, 1825)","Libellulidae","Leucorrhinia","dubia"
"Leucorrhinia pectoralis","Leucorrhinia pectoralis (Charpentier, 1825)","Libellulidae","Leucorrhinia","pectoralis"
"Leucorrhinia rubicunda","Leucorrhinia rubicunda (Linnaeus, 1758)","Libellulidae","Leucorrhinia","rubicunda"
"Libellula depressa","Libellula depressa Linnaeus, 1758","Libellulidae","Libellula","depressa"
"Libellula fulva","Libellula fulva Müller, 1764","Libellulidae","Libellula","fulva"
"Libellula quadrimaculata","Libellula quadrimaculata Linnaeus, 1758","Libellulidae","Libellula","quadrimaculata"
"Orthetrum albistylum","Orthetrum albistylum (Selys, 1848)","Libellulidae","Orthetrum","albistylum"
"Orthetrum brunneum","Orthetrum brunneum (Fonscolombe, 1837)","Libellulidae","Orthetrum","brunneum"
"Orthetrum cancellatum","Orthetrum cancellatum (Linnaeus, 1758)","Libellulidae","Orthetrum","cancellatum"
"Orthetrum chrysostigma","Orthetrum chrysostigma (Burmeister, 1839)","Libellulidae","Orthetrum","chrysostigma"
"Orthetrum coerulescens","Orthetrum coerulescens (Fabricius, 1798)","Libellulidae","Orthetrum","coerulescens"
"Orthetrum nitidinerve","Orthetrum nitidinerve (Selys, 1841)","Libellulidae","Orthetrum","nitidinerve"
"Orthetrum ransonnetii","Orthetrum ransonnetii (Brauer, 1865)","Libellulidae","Orthetrum","ransonnetii"
"Orthetrum sabina","Orthetrum sabina (Drury, 1773)","Libellulidae","Orthetrum","sabina"
"Orthetrum taeniolatum","Orthetrum taeniolatum (Schneider, 1845)","Libellulidae","Orthetrum","taeniolatum"
"Orthetrum trinacria","Orthetrum trinacria (Selys, 1841)","Libellulidae","Orthetrum","trinacria"
"Pantala flavescens","Pantala flavescens (Fabricius, 1798)","Libellulidae","Pantala","flavescens"
"Selysiothemis nigra","Selysiothemis nigra (Vander Linden, 1825)","Libellulidae","Selysiothemis","nigra"
"Sympetrum danae","Sympetrum danae (Sulzer, 1776)","Libellulidae","Sympetrum","danae"
"Sympetrum depressiusculum","Sympetrum depressiusculum (Selys, 1841)","Libellulidae","Sympetrum","depressiusculum"
"Sympetrum flaveolum","Sympetrum flaveolum (Linnaeus, 1758)","Libellulidae","Sympetrum","flaveolum"
"Sympetrum fonscolombii","Sympetrum fonscolombii (Selys, 1840)","Libellulidae","Sympetrum","fonscolombii"
"Sympetrum meridionale","Sympetrum meridionale (Selys, 1841)","Libellulidae","Sympetrum","meridionale"
"Sympetrum nigrifemur","Sympetrum nigrifemur (Selys, 1884)","Libellulidae","Sympetrum","nigrifemur"
"Sympetrum pedemontanum","Sympetrum pedemontanum (Müller in Allioni, 1766)","Libellulidae","Sympetrum","pedemontanum"
"Sympetrum sanguineum","Sympetrum sanguineum (Müller, 1764)","Libellulidae","Sympetrum","sanguineum"
"Sympetrum sinaiticum","Sympetrum sinaiticum Dumont, 1977","Libellulidae","Sympetrum","sinaiticum"
"Sympetrum striolatum","Sympetrum striolatum (Charpentier, 1840)","Libellulidae","Sympetrum","striolatum"
"Sympetrum vulgatum","Sympetrum vulgatum (Linnaeus, 1758)","Libellulidae","Sympetrum","vulgatum"
"Trithemis annulata","Trithemis annulata (Palisot de Beauvois, 1807)","Libellulidae","Trithemis","annulata"
"Trithemis arteriosa","Trithemis arteriosa (Burmeister, 1839)","Libellulidae","Trithemis","arteriosa"
"Trithemis festiva","Trithemis festiva (Rambur, 1842)","Libellulidae","Trithemis","festiva"
"Trithemis kirbyi","Trithemis kirbyi Selys, 1891","Libellulidae","Trithemis","kirbyi"
"Zygonyx torridus","Zygonyx torridus (Kirby, 1889)","Libellulidae","Zygonyx","torridus"
"Macromia amphigena","Macromia amphigena Selys, 1871","Macromiidae","Macromia","amphigena"
"Macromia splendens","Macromia splendens Pictet, 1843","Macromiidae","Macromia","splendens"
"Platycnemis acutipennis","Platycnemis acutipennis Selys, 1841","Platycnemididae","Platycnemis","acutipennis"
"Platycnemis latipes","Platycnemis latipes Rambur, 1842","Platycnemididae","Platycnemis","latipes"
"Platycnemis pennipes","Platycnemis pennipes (Pallas, 1771)","Platycnemididae","Platycnemis","pennipes"
"Platycnemis subdilatata","Platycnemis subdilatata Selys, 1849","Platycnemididae","Platycnemis","subdilatata"
"Oxygastra curtisii","Oxygastra curtisii (Dale, 1834)","Synthemistidae","Oxygastra","curtisii"
